"y","Age_scaled","lpFemale","SES_scaled","lpRegional"
7.50351107257817,0.760513438530659,2.34445366530091,-0.929769791517249,-0.87877311561114
5.54515442149839,-0.997670828806631,-0.163834343752658,0.400269463808307,-3.31254315557589
5.82368217991835,0.208594620547048,3.18548992082835,-0.112448020381654,-1.15789253230296
6.57802393678699,1.21876378359786,-3.23030470922864,-1.10986631575634,5.10997714249789
2.5292244908731,5.09362751532905e-06,-0.757507069823672,0.383242498796852,-3.0832427161958
6.66085157752888,0.883027880462333,-0.546699068298363,-1.83810251520767,-0.989912706837814
5.37847011955032,0.31519343888372,3.72135462917121,0.167909469670184,-0.230148997657681
5.97946190995594,-0.27853440336879,0.641098759670284,-2.03416883896578,-0.508257720811528
2.67043633964064,-0.0163789051328159,-2.16848123343176,1.28402111207843,-1.4366379190353
1.70111426079482,1.81558049522542,-3.19651851349227,0.280363378322837,4.41881284003544
3.40313762823091,-0.761698928553712,-1.72707619331558,0.879845104027242,-1.8079075891047
6.3929324157583,0.0359053009447007,4.13293772710384,-1.29433901273039,-1.49872374109856
6.61444780523043,0.27922550050647,-3.54056500573166,-1.81326466556561,-3.58447606749828
-0.0870595675713308,-0.563576774112543,-2.3785984164893,0.45787034347095,-2.42405225279899
4.15902036530272,3.80863253465113,-3.47380190301829,3.3933431608113,2.28639330690246
6.04845605373953,0.39329057918706,3.72918107221951,-1.3369955469878,-1.78016467876901
2.87215991115548,1.07458710700276,-1.78861088996758,-1.83516572590467,0.194907044925943
7.24126733221296,0.527693762008962,-3.317175019908,-2.50599332535947,-0.0743962147258852
2.78276692707948,2.80148351360498,-2.68892648733603,1.92502821527797,2.57785612494838
6.19881878703802,2.39970536469527,-3.29288989315985,-1.49172547052715,3.40015314793626
3.61097988408872,-1.45555181834287,0.164569479175608,1.22352344268402,-3.17311189810408
5.55491987233237,2.31766701376133,-3.24377194825295,-1.54778952846809,3.52256596956198
4.51233490257237,0.892098711509006,-1.57628577840255,-1.77934228039393,-0.563435751227678
5.59723529822174,3.54694686276385,-4.51517777597693,3.42607570452863,2.39953217219103
4.85819102177312,0.275393741918396,1.81817330522497,-1.43249681938567,-0.431316101143328
9.55347532341951,0.510326164219974,4.65881680950378,-0.888358462218557,-1.66992088309119
5.59581501201036,1.41584434349324,-3.06150231042216,0.615938911327647,4.58544088228909
6.59297960267407,0.333664009322433,3.7903845812655,-1.64524268658584,-1.90481806206664
6.34859806799766,2.45127766085837,-3.37073852240864,-1.5715092956719,3.98734137710577
7.80121177758998,1.39690950689516,-1.45002471025235,-2.31119260304097,-1.39878897696105
6.48268774605445,2.71459284347836,-3.96729796972435,-3.1757947209485,3.66753757018625
8.27008951867574,3.1271714745403,-3.94683295249712,-2.72924801005702,4.59510241283355
4.64695604135255,2.7241807997966,-0.671070233134137,-1.40928028465602,2.00842700629134
4.0353080990041,2.48612411753124,-0.574836246259996,0.188803380577281,2.50763840765576
6.60114078949632,0.370621041999578,3.02188360417494,-1.21152190334073,-0.295699966230042
7.35626085713784,0.146527497497056,2.36937021950073,-1.47140314113363,-0.910607366474643
5.4166093442197,-0.0527054191296278,2.60815752528543,-1.99403763576752,-2.62300333791231
4.31641205457617,1.02122214989201,-1.49767018484413,-0.584177505631135,5.19645205391321
1.11482284969508,-0.128571118562923,1.14359122075414,1.87605888606662,0.874439866299487
6.89536150115531,0.355011443993715,-2.12178658538466,-0.855830331294454,-3.67960032095563
2.80183615913918,1.94817463802318,-2.44090712767192,1.05674591981255,3.45157691029205
5.58102569617092,2.19983936619811,-1.60337234033098,-0.384026581815267,3.00110483268919
4.33600011987814,-0.571603513825129,-1.55683634962671,0.652512267889604,-2.96954975268224
3.98914811799795,1.42526648327211,-1.4498619772108,-0.111339068249211,4.3713108590797
5.77868364712146,0.339789752000012,0.765925452634348,-2.20852520216602,-0.848725580420751
4.97885508053878,-0.662288673521119,3.08539418494362,-1.65014249428813,-2.0539748445646
5.41905575262294,2.83466350324436,-3.32592222334139,2.17758468017151,2.62949053533827
5.3901176068119,-0.554867029150088,2.83189339318967,-1.93375423749739,-1.83687113520041
3.87095867850367,1.03040853010054,0.683891360860623,1.10370871971903,0.681353014607184
4.1076454996602,3.06656667395447,-3.00684960023481,1.5527927745471,3.56180951097973
6.60430227136633,1.18660733507746,-2.86359077470839,0.770336380987572,4.14174986052365
7.05633545631211,0.455780946854686,2.4787198023878,-1.03850808053608,-0.733787944187411
5.93120500888795,2.68844384326301,-2.28310838865348,-1.5498537313549,3.72610687500414
4.31609631581981,0.720814195834259,-1.75722969777604,-1.98936624635002,-1.22049938138734
5.7948144129296,-0.293635561612804,3.40352077917996,-1.8536275746298,-1.46924805638473
6.31332562350018,2.56526708047008,-1.28427912187906,-0.900214201599248,2.83480904551491
5.49167794800213,0.313212150938594,2.26406433149251,-1.12663939831262,-0.921457770602541
3.91834543737303,3.6136936252462,-3.51681364885121,3.14666590424973,2.36548962570543
0.517069835485852,-1.45056906575401,0.265788225470698,1.65395347094752,-2.98351209571959
5.47285505952397,1.49098157579062,3.4438541211976,0.706005716007911,0.537297744979328
0.237789774692179,-1.34266773394679,0.381601443533232,0.895246039181215,-3.01480337106183
3.30560478154564,2.39281321712962,-2.81022428761703,0.952477701728808,3.68875332845772
2.43067878672752,-1.3173979986012,-0.988726592541572,0.401460248892144,-2.98513977370439
5.29797110461531,1.81989781557879,-2.62210427597199,0.460305591558623,3.86302070680375
7.4375003189785,-0.367531324126639,3.29416024334233,-1.37000563007184,-1.39983213841501
3.65296287999811,2.86408040999322,-2.61456604806584,2.13033466145759,2.76696226358655
6.28019873697991,-1.2738893499372,0.803917149057655,-0.367162963928716,-1.01423401238847
3.75663384220722,2.70104105216285,-2.71115767814685,-1.65104871310584,3.72457904585291
1.11031683528609,-0.35503691304465,-1.39777941675442,1.28428197013736,-1.73103063784001
5.00177096712965,0.861203489871121,-2.04864147866504,-9.0097653422605e-05,-3.5452436559999
2.08827373394623,-0.746144636925257,-1.10915154041973,-3.06771680899598,6.42380979073978
2.15512669979945,0.84042353932184,-1.47642245778611,0.529352187571662,4.17789520826522
4.5137516552373,-0.0677875036097954,-2.4828088064666,0.812063312282829,-2.93001675368684
9.98237138972585,3.08180974094616,-5.38590507269532,-3.16235259703947,4.40089720560185
0.998286601824002,-0.258633611494804,-1.58710633857985,1.00176686798642,-2.34804574486553
5.99901983529432,2.49722425344025,-3.1331225097057,1.5149449817937,3.24959483402692
5.37370371808991,0.168520016598991,3.75134401280491,-0.496833070318354,-1.74738822684016
5.8836369899767,1.35140683496595,-2.78784955932218,0.0518642999918272,4.67260890000083
4.77128918989861,-0.688859854013385,-1.6528624660051,-3.28615305257894,6.82336686555445
7.66212231254064,0.32508934192531,3.86947982758309,0.0857304633434974,-0.529913084648739
8.44390266794339,0.6841196674401,2.92327042195501,-1.02438876796458,-0.795107524462719
3.19043264933869,1.80909695780692,0.189393097864533,0.165839475168285,2.19774089485032
7.28519873536967,-0.297565588994548,2.79423127032622,-1.91995054440334,-1.11090612895462
4.12254718122161,-0.94733752934652,-0.611652723352283,-0.023457644690612,-3.19467899862622
4.05079879503282,1.19796907281481,0.0475583909826462,-0.835091563935873,-1.32423733572448
5.06931319702697,0.0121441801523894,3.26931664670093,-0.958350773611766,-0.860841519695167
5.74322255840846,0.858736222351887,-1.96801924800917,-1.47425272219901,5.87632601795975
6.14034180808373,0.365038891081132,2.77565561100925,-1.62377852688722,-1.73086035573937
3.33872909919621,2.16218348467066,-2.76394854924143,1.6559543227612,3.16837273889358
4.05244896538054,0.95543921385597,-1.93156279932261,0.00566803643784575,4.16196670236954
4.53296558701511,2.75948041365151,-2.13260704116551,-2.42881996126882,3.3319503310117
7.0533250282707,-0.400666885950283,3.85994844291209,-0.963444813353177,-1.3076506824551
3.39493541592631,3.82851232744357,-3.55405291493503,1.61359598233653,2.96704921306428
8.22369843118257,2.15839846611579,-3.1031335636162,-0.208571556575691,4.00759189079944
6.77517599878471,2.89688426654149,-5.3772336730463,-3.3463653271574,4.77394690467245
4.81871926095059,0.254543375620981,0.209675103653474,-1.3852574196337,-1.19396919361228
3.7616643909691,-0.495246619592975,1.91472575597714,-0.694927097674633,-1.02822948180787
2.93688720210468,1.62592501604333,-2.3051938179421,0.496272889339329,3.94250980516906
3.23453172117429,2.69272132602486,1.39873160596569,0.284678838371315,0.758329581534198
5.32698603319645,-0.0618558026814046,2.95658442142558,-1.66382721704278,-1.79980186922072
3.01415574636555,0.325269594302177,-0.250048130244345,0.101824489615889,1.96364546621768
4.49706027844075,4.37237423335631,-3.91724153807862,2.77236640718883,2.96033074519677
7.09784915384341,-0.798239571644745,3.19622081576581,-2.07420041773355,-2.4389832718879
5.3217309208116,-0.475988971419445,-1.67339211425997,0.421877375441524,-3.06019389850801
5.96402718545998,1.60362792529121,-1.46648276267783,-0.043738479309048,4.17972184174379
0.84179739932938,-1.05410010001952,-0.673370431725682,0.478406040245231,-3.01468059647
5.30064120255698,0.160604496769254,2.3423624952051,-2.04673846391549,-1.81699106279759
6.94281271254347,0.713713771541294,2.991947097907,-0.3330777480607,-1.19745943424329
6.67530940015214,3.14220898989957,-5.00395236372684,1.65870424910848,3.23415589392575
8.01560266994342,2.61720414888466,-3.95184609617581,-2.11716349488303,3.4282562460688
8.23269851841088,2.57667003920392,-1.94253270648938,-1.0817840891611,2.35522847509044
5.53626487588432,0.221642366446979,2.75334433980472,-1.5442211349854,-1.80243940140891
5.77295373704217,0.0572860377815106,3.61823771805657,-0.363608796465347,-0.970694541229239
3.65255530209874,-0.378020663851357,-0.234855586238196,1.28721156314358,-3.44699446360396
5.50425094267207,1.70679462976254,-1.68397422590372,-1.83624063640073,-1.34631168148457
4.97672846422766,0.388248811272293,-2.99651253619803,-0.988812333459629,-3.02791855457567
4.77049588622423,2.06927015444875,-0.679631843228093,-1.07829537448404,2.63058701501558
5.79390897029297,5.24447055623714,-4.46621258504644,5.02010632589154,0.64124018166194
4.61476018626943,0.616086340897719,2.48930636896912,-1.49619773627005,-1.1741581889039
8.10900892550958,2.39589401748904,-4.10200016321993,0.142923346565842,4.28299866050861
1.04364780281741,-1.45976878462194,-0.522562749833798,1.60621427048346,-2.49309795209176
6.98895826446679,1.07059428046689,4.32050416421274,-0.41630821433846,-1.55072169022475
1.61167388497376,-0.618639105247573,-1.48467328142479,0.504016224274172,-2.33378345032882
6.1250397852493,3.97323883062897,-3.42603595680679,3.16545581069665,2.05376130132434
3.20629793531877,1.31168026038415,1.2781245919856,0.729769451197512,0.478525336573465
7.74526428970873,1.62921889484375,-0.931609184845305,-1.23039250419688,-1.1788349935824
7.14906055746547,1.12464767026466,-3.19860724555074,-2.80496591364403,-0.492782334515717
4.51992458084851,0.318173459596514,-0.645009664816893,0.517584351614857,-2.58802678385009
2.40167372724946,1.81184930500454,-3.01521271450643,0.399748707247419,3.80565865972456
3.36855756782723,-0.510217783555021,-3.25140825080311,-3.49571708322198,0.253544624345872
4.6086389207074,-1.23378741731327,-1.9351499711874,0.231357369157905,-2.3582804540156
3.41193473252181,-0.444708296501795,3.01361935102934,-1.93683874770695,-1.01793493195187
7.74717885813343,-0.260081130389754,-1.58322405698784,-0.0957262915679651,-2.87711226518806
8.32669086625385,1.39176781194196,-4.27966082312052,-2.80354646968,0.265828097223105
3.75295395294031,-0.57003271607021,3.00596408141894,-2.11899626730747,-2.01071319302348
7.45016754522037,1.66417782868553,-2.91618239638922,-0.502008664821419,4.87833970170514
8.12063506146651,3.02467717034111,-3.77791518716309,2.06807441139821,3.06237331159695
3.42735456414604,2.60489233229502,-0.690552607082953,-0.377674234671709,3.12145191474148
1.36164154228302,-0.233597133459322,-1.81992149775221,1.1654769562915,-2.7010108445902
5.29096487960256,2.24999650717719,-2.42458401525816,1.57422815724451,3.21028764631527
6.49433331608137,0.344663094159732,2.95132872006268,-1.07382010923143,-0.426811161286641
3.15709348293194,0.0411266831165564,2.88510263152415,-1.58101341117271,-1.72127482001092
2.37904526787049,-1.21009118669373,1.27458706385913,-1.77204427986944,0.971506733416983
6.49299154810183,1.71194053746677,-2.28817042297549,-0.12926158524665,4.66466001102582
6.85656574058469,0.0413205448226139,4.64649423888524,-0.497410654458163,-2.22773783008912
5.22282800351607,-0.232340449606228,0.676066649255615,1.48383211374687,0.363301100184953
6.96088833926089,2.2354482395201,-2.47554017107179,0.5821886208426,4.4182898570978
7.5556423907168,1.45993171424086,-4.91662733739334,-3.05171615881575,-0.0533247381589185
8.16698367333324,2.40547449084643,-2.42051258626056,-1.30404846675668,2.78757462874042
6.08511097283127,-0.183792647868589,2.90107841335753,-1.68082238548081,-1.68311462616218
5.98711570298415,0.2715546741374,3.94307676980142,-1.1582814012249,-1.99648313536377
2.43701723960693,-0.286223476082153,0.132453086439434,2.96537634442041,-2.07852673826432
5.33948455021316,2.50652770884812,-1.34979703053269,-1.12346245340366,2.79725319153181
8.9479714317306,2.94236987310275,-4.05825376951224,-3.35876169523234,3.76913970714375
5.79495919893581,1.92697908765915,1.40221209557799,1.17643401220824,0.813913637838626
4.53802588454192,-0.810775793810935,-0.80477814111624,0.803146654054888,-3.12166012206626
4.23169688576224,0.51838543843868,1.67520531437814,-0.454111272876421,-1.7188269048956
2.85028703378143,-0.372915127981135,-1.416697714242,0.235446726191889,-3.03501695268898
6.9687358814767,-0.493897687152597,3.24561943644348,-2.09272175500063,-2.85743191234635
8.69196950870355,3.07745957916987,-2.58883760597748,2.0290240556006,2.96002885968386
3.62286455042872,2.54104412410912,-3.23548390183694,0.558364447295762,3.88875164219229
5.40672117372251,2.04660169340843,-2.130358074337,0.099219790796373,4.31302833693876
6.08367034125544,3.25748927917962,-3.50333475809632,-2.48693379430589,3.60113754001295
5.66329998089435,3.12329178236193,-0.253090102162206,-2.37931295499978,1.52987460111938
4.52795988041126,-0.949736730803725,-2.46036940891731,-1.41345768115481,-3.73232398166745
4.41380455610969,3.94955485074874,-4.23052705382648,1.73703244110478,3.30970302862547
3.44523366302508,-1.52789417411581,-2.78916542590157,-0.670368264826724,-3.05940099981165
7.10552843045765,-0.37387486018459,3.85935807286596,-1.28018437243247,-2.62175808522212
3.25211365448346,2.42707838323196,-2.20288592455181,-1.41319326966381,3.35445850860158
1.22244233150731,-1.35890295807427,0.187957969069404,2.48030763019407,-2.6582743080061
5.75738020225271,0.097571567069471,-2.41417558690518,-0.318150909438423,-2.29525877437223
5.53752811641295,-0.45704129608615,-0.837493452633092,-2.30450554614768,-0.562299859630689
4.70173298475698,2.15710910045388,-1.31583699487326,-0.038115341003887,2.5162316318633
8.06568192880376,-0.216534474295355,3.8088197084282,-1.54092793793696,-2.50518019541153
2.46600252770487,2.63769790979971,-0.226843135876755,-0.162883422334671,1.84463588784936
5.49987538402049,-0.0806151977990959,-0.777854772244069,-1.09504973202905,5.02771823998407
6.15366683349716,1.52595932828389,-1.76748702884385,-1.0648463551194,4.55179153278822
3.5479480663687,1.00803086791408,-1.29259295684796,-2.11629243874609,-1.14696049732726
5.33203765401734,0.0738026845590112,3.85069128993945,-1.22215818797553,-1.94717606334068
6.0997076488264,-0.62520079496739,3.54119587370864,-1.04819204826705,-1.56467289667887
5.08546131394742,0.431582283255305,-2.5300651769207,-2.01776558879632,-0.732687402153507
6.72859608782403,1.16794947028244,-1.9927969201125,-1.35923900225264,-0.732596041986113
3.98715713114558,-0.144690768284763,2.83433346495848,-2.00369211506146,-1.2528990995711
5.37808654749077,1.84208672529221,-3.21921133544379,-0.106928593406788,4.41963201349602
8.70722307129138,-0.21322554525905,-3.64303415921068,-0.892789382212744,-3.49878108822379
4.42600374937435,2.62197320967819,-1.27288094987543,-0.512065180850221,2.65458412358243
4.29367467119915,2.44949358275556,-2.6441036314536,2.64855006174252,2.76830062315562
4.6655356359426,2.1328858753019,-2.78541734070146,0.929758940408348,3.57272637140376
6.36735573478626,2.74566165439829,-2.81984390356817,-2.14494756595829,3.7243533739851
6.36162592087076,-1.05793814028033,3.07363221233603,-2.39753350304132,-2.52795429691732
6.09265149595309,0.830128663753495,-3.22470808739482,-2.59569598061999,-0.218128564128156
4.75390211786023,0.767719902375415,0.729391067937731,-1.57724176066545,-1.10880881084487
5.30601779937021,0.100692684918317,3.35482544078277,-1.12378992298752,-1.82669997182924
5.65283280668722,1.23173266807648,-0.136321931830733,-2.12751409223282,-0.964486445323737
4.94878826929562,1.70728559601391,-1.20617237099249,-1.84734641723678,-1.07657991788433
6.12485646689326,3.51101602088377,-3.17039440025962,-2.40326562979927,-1.92835276531933
4.402117510422,-0.0679032772076058,-0.949421839880788,-1.0104356374418,6.08246508145423
6.88108318914887,3.37801483915238,-2.94430887473672,2.93850579342985,2.6537034969649
4.45790169424058,0.771443856076623,-2.02077559651927,-0.536813619409482,4.5258843186852
3.0606150954367,-1.38811793049744,0.527757282376438,1.27602608422737,-2.60614040862589
5.37176681017185,2.30418914166125,-3.29637234228426,-1.34802919052612,-1.31809530079711
4.20454868838647,2.67228411175252,-3.14387447522668,2.13601919436768,3.00343704633532
2.5513286370483,-1.05663292442357,-1.30931547200534,0.39599886938692,-2.87874449081613
2.33857239379703,1.1671437909353,-1.52577627880591,0.544828792634862,4.39777187068632
1.55603550058019,-0.0106049470042157,0.0830605537206406,1.96325375874534,-3.39771699745553
5.31185701502256,1.77407572397835,-1.66881996282356,-0.256784411700851,4.26935781398048
5.93742322576459,3.91199167453539,-5.00683472126142,2.8477443306967,2.1984745671842
5.8198197182764,0.280064530360668,2.91215587357221,-0.868270328037219,-1.33359573500367
5.78201597909231,1.83174802628579,1.28094510453139,-0.0447477355728969,1.04820450950162
3.82018212503635,-1.14098790825863,0.0767507765052504,0.799564521700102,-3.21999384666211
5.97623270891051,2.50119449117119,0.242656570205816,-0.458440226533505,1.44287609618633
6.78885975511573,1.35288428344085,-2.5512215525853,-1.55886541293029,5.57451762026551
5.52341396434873,2.689048502944,-2.65691581618313,-1.90441251446181,4.06937495277188
6.0389667614139,0.636235218656044,2.34012036502915,-1.09250058642568,-0.978530714568248
5.98816555065599,-0.690743663732048,2.23117396917805,-2.26573648475976,-1.65392803730405
6.23193210331199,3.31324366420734,-3.38407576373552,2.62394301263069,2.83615521450815
5.32494751258564,1.23989348375674,1.21586260671905,1.17266779939201,1.03941803206569
5.92034665098061,2.79564323721641,-2.61093408287639,1.86778399208368,3.09302869600238
6.34387831740971,2.49494930132946,-1.70755539035274,-1.29396486827316,3.46033428091619
7.73278339488343,1.93006338538851,-3.23515541322751,-0.931889976341061,4.91155485543637
5.18978950856826,2.77462038819189,-3.08258689425076,2.84600829681391,2.62785200843771
5.66228386235214,2.5850885952584,-2.23110083181184,-1.46764790726445,3.23955527690804
7.86732222506273,0.771399023994701,3.04793390319878,-0.760857391551801,-0.105224491050581
5.11390886746454,1.78556551526847,-2.40841244013513,1.18139587324337,4.04025197232211
6.59474319278091,0.381294747016676,2.29295370404273,-1.5207285422389,-0.448521370345505
4.2233490909239,-0.671279643920244,4.06934639121828,-1.58231064728479,-2.34631994165804
7.95526567418792,0.0709423709580116,4.30090197260636,-0.880142966297853,-2.20155488369586
4.14274422005342,-0.1774469339793,-0.801089908052956,-2.18160754758364,-0.0618627747207684
8.50633508027051,0.866199753630429,4.27912940638318,-0.318963740674222,-1.60323510714758
0.587701379392111,-0.752441092793423,0.618803224395112,2.38845073290325,-2.17446054628829
4.74777288277706,3.11388332502986,-2.93231611267637,1.1615458475472,3.97783696971948
3.42283784383371,-0.253797317317992,-0.171102969964897,2.6762095226687,-2.07059465718677
7.66442966717205,1.4485618065981,-2.41907127960733,-0.325410458158636,4.20056069821095
3.60254410400826,-2.25317998644388,1.01584097039975,2.02841851592878,-2.66611058438468
3.62951975857938,-1.6812442647203,-0.189753932835088,-3.07053700458206,6.42875931461921
10.8111333853122,2.90389504926641,-4.23407541669454,-2.39425896270246,3.96560938370059
6.71605063800396,-0.322233686091975,3.22979523766213,-1.8141370853972,-2.66102237859954
2.52748888728877,2.229887720289,0.312003377044377,0.464395810718738,2.55651058183789
9.46207071887518,0.342443674879632,4.01341258887721,-0.258733381408189,-1.18114300472085
8.06984897417977,0.933145053566415,-1.36460702978591,-0.604295659044197,4.81883452567342
1.36393817335159,2.07027856315606,-1.64852139833477,1.30822253976011,3.64390528551709
6.13331739394587,3.09413520025747,-3.81592340069145,1.62476639094152,3.05363962228524
4.53039029524254,0.431177043722898,3.05843698397614,-1.01278125098229,-1.63239141417207
5.4020873482149,0.0801946279567453,-1.42508791286647,-2.23456320251462,-0.564858898038638
6.29991729195589,0.376182743477933,1.88606418129843,-0.726925996671292,1.01755068345984
1.94525016320073,2.23063913429713,0.859512061169116,0.446041200374717,1.59048752927868
4.5763590025837,2.643168590487,-1.57160999053559,1.41817489705832,3.64630436499339
5.58107652618481,-0.276040021703957,3.37940112327213,-1.64920955708022,-1.70338341386318
2.87880364058182,1.43703164300392,-2.48027948335884,1.18765251207093,3.52862145438529
5.30757092940685,2.02480125481111,-1.10794702990014,-0.682909615040253,-1.5205813358369
5.69613960456267,0.590617756629301,-2.31900142923916,-1.15216894624589,5.49790018507963
8.34687159568754,2.64639916234169,-3.78169965597358,-2.21544941202832,3.53850521788355
4.97869124908032,-1.07351373046919,-0.971381877140323,-3.18479450129978,6.86365773515517
4.37652272017727,3.11254582165674,-3.6646110615583,1.01473907759957,3.08612857227492
3.19769153407018,-0.205369709675383,-0.557803570270754,1.35487418317155,-3.02100203439775
2.36392366907731,-1.41112501354963,1.72723339858411,2.24388839240914,-2.80253432010845
4.43074509407056,-0.540754648803064,-0.398544237040738,2.16154352939766,-1.75242609045373
5.15728060128711,2.82143673834701,-0.236162176769088,-0.642706012591085,1.96642687675197
3.42816552021087,-0.218140241512896,2.18399292915223,-2.0096465317072,-0.299554915921231
7.35939884291664,3.00133233252495,-3.31866711525981,1.86547834518745,2.9627215080926
6.35163104746422,-0.136098516463062,2.75089633888585,-1.75285589218241,-2.20183939886134
2.40753433557123,-2.21849516995734,0.0873927789084321,0.997121558413011,-3.4481870871635
10.6337352456989,-0.0311725958165783,3.40628451218259,-1.83502445732554,-0.764295135045106
4.98508699725624,3.62527680295705,-3.58988469697245,3.15474909472109,2.73907143740443
7.1405377618102,1.32958981860171,-2.27593066524128,-1.61569315303935,4.90041744964291
7.98575440140373,-0.171179608770261,4.56066969065454,-0.317470051656443,-2.28859359917719
3.75609256461101,0.41533674530961,0.0630075399369168,-1.44901661384185,-0.687558981558471
5.36036525888788,-0.325832897062799,-1.07909203106681,-1.84231077991767,6.555975367234
4.20236879680099,-0.154837147600758,2.58324372329751,-2.06336139383589,-0.635700508472683
6.64849309338978,1.43024143776206,-2.54134667465454,-1.22191264906183,4.77320247193047
5.5774106314364,1.21367684950186,-1.71533986997424,-0.463885801619098,4.59284910068464
5.26148286678207,2.19044911924569,-2.42063900822013,0.9817165230346,3.85797179810291
3.45478349159405,1.01641926121129,-1.63687751660379,-2.19267402675395,-0.162243768369356
7.05523419735132,1.00416626299483,-1.930685050535,0.449304721690557,4.59031077861149
8.71605865243298,1.81276413538089,-2.02717527557347,-0.215834474377216,4.21359352911852
6.34597077016578,1.13934945535805,1.42993872514071,-0.624959097417883,-1.51493136006012
8.29738498674068,1.51691171375547,-1.33571611958516,-0.791590120228632,-0.393694349427243
6.84170881336543,2.71548464087885,0.134626208337336,1.5343688019247,1.83903544632711
3.32155247363888,-0.291124310163806,0.473014120283123,1.87713503097869,-2.81353681911659
6.67684454723254,0.648737418103673,-2.46921658368967,-1.54048006242595,5.96521188187915
3.89727363027436,0.576006927585773,3.34495745604829,-0.446585019831349,-0.700059136007331
5.83933822928161,-0.447086004128441,2.48374484155302,-2.6854087229748,-2.10182792483961
6.02897614377267,1.93870941253204,-2.77150589886301,-1.84079994474535,-0.834587452546816
6.5910184963817,3.0706298233595,-1.63922820072442,-2.74985774591593,-0.896492495076622
5.38106568457466,1.18928538264151,2.73144454395039,-0.359553236270358,0.133328588575278
7.18476714602642,0.111714043513661,-2.0801609609512,-1.37722013784682,5.50770187210676
5.35778933367313,2.41233061131974,1.95688660972657,0.335133388496838,1.18484223516445
6.0137170348952,-0.0750788154850668,-0.346616757607892,-2.46559408026347,6.46302123142017
6.56037935668715,0.217089481680111,-2.49391033686151,-0.326999403234607,-2.77250553262052
6.30754168824048,2.11826021713146,-2.35880852054757,0.260223626183692,4.51599657952
5.81675273980339,2.79839847595783,-3.68423899209717,0.695849386674182,3.8730478932404
6.59151431726788,3.18354862421333,-2.5826539251059,-1.6452153025827,3.18415496102757
7.46352741460997,-0.556321188653772,2.87372463825866,-1.73937251530624,-2.07136234236569
7.31486541234796,3.71978447047703,-3.56139494008837,3.27694122218556,1.98579822542277
7.62580900454175,-0.05833806172092,3.59753444426574,-1.78690134606781,-2.26956563128507
3.3792846923147,1.8429613564875,2.08768207654707,1.95621794905935,1.63708420359755
4.63630264553135,3.62887347585277,-3.15358859112541,3.06940758250113,2.34999934919217
7.9825833947502,0.922972243321744,0.584509863363615,-0.461131825928059,-0.877109639505064
0.89875964266569,-1.46832709353245,-0.191876097216456,1.05901151099851,-3.30213714018583
5.44344661799196,2.82144562433104,-4.19132865746939,1.27835479513399,3.8150318016276
4.57229511751347,2.04744803076219,-2.28162200578516,0.962697220755325,4.57153577108985
4.62841341990425,-2.94830646995907,-0.45383367423465,-5.20572725704724,8.38980250213372
7.78403396325333,-0.197511818250349,3.27419697617106,-1.03164681916309,-2.35901820689212
6.84881835446724,1.56330473392013,-2.85551402913883,0.345858816303462,4.32849698198472
7.25572681923302,-0.824389802912741,3.49104860578163,-1.5418354030269,-1.7922301717389
5.35974941045134,0.845483760976561,-2.07181835388127,-2.38022103893009,5.5368265461495
2.73967939328915,0.219984575438879,3.9051863893531,0.0330716245794862,-1.19736000950487
3.28924674494118,-0.902843963080367,-1.08259817030382,-0.0311190994003846,-2.76244611144256
5.96201079088894,1.4777680621506,-3.09489440002939,0.573994730588628,4.20704182567946
5.06261043547288,0.154164200088693,3.14374313628376,-0.605172642807764,-1.16485047229555
5.12656470494006,0.489160760553681,2.94976599282,-1.29996592690925,-0.685552816120821
3.04185428731153,-1.46668255966553,0.750379742814839,1.90379473861702,-3.18824453879037
4.06233051816616,0.5524651509625,2.52669358120957,-1.49199841728002,-0.59389015360833
4.93839429776598,0.494315037486741,-1.17312640428923,-1.45955733615793,5.51880600909143
6.02869903482126,2.93523965765748,-3.30065188297964,2.083027115403,2.63606578968171
6.09502105498227,4.09286079650956,-3.88713045499589,2.98470918938469,2.11791657130936
6.66361837070433,-0.190082189298323,-1.35138999605523,-2.07271546802622,6.62767853223163
2.462119026184,-0.884754864616285,0.252368187541651,0.0400788798656094,-3.78738943475794
3.48243513823304,2.60385034088925,-3.65699191934853,-1.36653069824876,-1.43516105173197
5.97848046613368,-0.441359114276132,2.69410379379113,-1.94246675292764,-1.96811203728455
6.54772413424447,2.11543626823353,-2.76998820068164,-0.540971683742029,4.49104719239157
4.54391277490343,2.53099013722679,-1.84500552227571,-0.949319465239931,2.86899582643275
8.2309557109172,0.256805086272156,2.83988169908015,-0.934002557911666,-1.19389352638927
7.9153536876292,0.541296310472908,-2.34966188521787,-0.439292126344516,-3.30412398485278
4.17004308295007,2.1633607514475,0.15436659674641,0.319716399861346,2.83888734922604
7.03687993443355,1.69052738521481,-0.36774077909903,-0.570950725440274,-1.36134445921301
7.2663851190072,1.12142065004072,3.21274038126839,-0.459612685964206,-0.589965991359517
3.16322142150552,-1.11164469282293,-2.29445916273973,0.18721764024696,-1.79414596435222
4.15436483591486,-0.508080784303819,3.5158511184511,-1.27862952541159,-1.59144031703083
4.55028373849626,-0.284340573542159,-0.748496013592202,-1.82761208920442,-0.398073640802116
2.32084549780993,-0.55017713476156,-0.985135441492304,1.50696524111595,-2.45670313966705
4.67958137959242,-0.232286484891805,-0.547659429498634,1.57724590636541,-3.04764396910981
5.86643361295086,1.21288917275963,-2.01011811700581,-0.605749152527921,4.49585112140023
5.98738121886638,1.96925802177962,-0.312420592619911,-0.953047735947415,-1.37786843610406
4.74645127860959,0.302803722019471,-2.11972989582746,-1.81065499897136,5.98147359221314
5.43288789969653,2.66736055748082,-1.36768293812627,-0.00571307700772383,3.02612792759999
0.549975590099735,-1.11731313906478,2.44050194505655,3.44288377783847,-2.48202712559544
5.90163976156264,0.00510405088869548,-1.81166531025601,-2.45987273927499,0.29570475471153
5.05645603574426,2.58052100325051,-1.78887903134559,-1.29288250673773,3.15955220106943
8.49289843061845,2.84681423770846,-3.95078652004504,-2.56118665625641,3.254144659221
7.29054747049537,4.63285944151425,-4.86150302985482,2.90606620657904,1.82137427775793
4.06985696811886,-0.120956187655093,-0.536213216074206,0.789224745252311,-2.91184766439718
3.81868027287475,5.62698206930247,-5.34203551376937,5.12632684797512,0.697916936969665
4.98982299853098,2.05347696623972,-2.75165269421768,0.357779667936155,3.85181360239951
5.91593022633011,0.373338685660213,0.422410021361076,-1.24797365608426,-0.568910839948887
7.09366015809731,0.820311389673012,3.19790580886994,-0.686939180579983,-0.170119648791127
3.56598610853121,0.358077465577404,-0.163680390524687,-1.67041391971879,-1.04065010105283
6.19600422504832,4.3458586653799,-4.09119479075756,2.21440318820683,2.67318885684752
6.64045767988555,2.76853516034862,-2.7536102711737,-2.10675674778084,2.97194558413201
2.34675062348494,0.818636521461678,-1.88951324665243,0.180836922111903,4.59633237374493
6.90784095845206,1.92847875895563,-1.60187367152772,-0.231779223127552,2.25984387121649
4.34080035372971,-0.973072697569501,-1.34813854846348,0.778793462188832,-2.29281922094894
6.88214973994631,0.907878245687875,-2.67146622421382,-1.74310132824704,5.98542560536935
7.37192685417341,2.3470687676388,-3.54296175834092,-0.784240298818373,4.0689161561603
6.24393326347516,0.538763512139787,3.27800001981029,-1.13595522425254,-1.18944005788722
4.96086869838685,3.35212594403064,-3.57202201409496,2.66829289164675,3.38943051481061
5.05248916167309,-0.0807601058013662,0.0100198759318235,-1.85860902187004,0.227560021044811
5.33185403697424,2.00562851240402,-1.19027099351269,-0.410257889199061,2.55713924117188
7.60321116119517,3.04414972008233,-2.7816183254164,-1.95172284232555,3.01014805778416
5.72862898004165,0.734402974455013,2.10954530028858,-1.46589636055059,-1.21916466633943
6.72414347163962,1.36131153482004,-2.99212798503893,-0.558858312393372,5.32967748786022
5.02841843058292,-0.00406771062638567,1.43319626278999,-1.07867527625508,-1.15270022781879
8.1540554682796,2.21070109034294,-0.841286635151687,-0.960008201210659,2.42244827274797
5.13818041458537,1.86058490053571,0.735837304251679,0.645201728155439,0.595891037804174
3.09588939736991,-0.349977799866557,-2.43318204123907,-1.00023080266826,-3.75286902989609
6.92111638854014,0.506218976233801,3.04097436242362,-0.44804569022697,-0.297154742552314
7.75972881528426,2.88892128392029,0.117374273237579,-0.22547343586932,1.70280183554864
4.88370827256607,0.0588111040373862,2.35902729006155,-1.82647469103259,-0.742186685124657
5.62236436888421,-0.683812431371026,3.44240035678499,-1.70790080757719,-1.72453243651721
0.592088020356957,-0.120091116100034,0.243063329211389,1.26459004490819,-2.29200596484235
1.35977685717372,1.42744404734117,-1.45369862536955,0.39299632191202,4.27876871679028
7.28484990512333,0.970176180404343,-2.50038702037387,-2.18239477548027,-0.18809015163433
3.8168291206788,0.772540642780475,3.22536630602163,-0.780794923697118,-0.416202301027382
7.81149102360779,-0.427088196342351,4.33894947693815,-1.15434758971383,-2.39067079398744
7.86354465205382,0.25081952602166,3.6136282614214,-0.44633166167091,-1.24500436224022
6.5802321331254,3.2900106451414,-3.27591501972963,1.92901017256557,3.0160092233142
6.92281229761497,1.04593467642521,2.64834522925182,-0.734470699216737,-0.139791230419756
5.81620731083416,2.91495912646044,-2.85245225206554,2.79998720626021,2.67322392837174
6.32076182728896,0.31475259070921,1.20430901301138,-1.19200496553734,-1.52132285408462
5.2208613295978,1.48238154229921,-1.68800215884567,-0.347301052488639,4.37780446848607
7.68395165406441,-0.338613239368093,4.00169668036715,-0.964642137118264,-2.47335582099549
6.85777555074854,0.351325429830741,-1.07787018147212,-0.613336094572923,4.88117256026468
4.52661443075372,2.51640600946628,-2.92096094414295,-1.5956063551803,2.56603823770816
6.97901383096833,1.46299291743361,-3.93830475919051,-2.42797818345311,-0.286603132416226
3.44809907890393,-0.843163335779017,-1.71639339546414,-2.2804241514537,5.84639133109443
5.46737048407613,1.92952421073347,-2.56217801268312,1.19359931112655,3.59501448392134
5.19467280658706,5.27509837849508,-4.87845963222496,4.30388232720206,0.789771192154412
6.48157436390726,0.0249921015066974,-2.18885341820054,-1.24476671376617,5.77728490930528
3.70697158101882,0.0610479047610606,2.77190120008526,-0.456125404108489,-0.854468824876521
4.13579334813006,-0.709109517958875,-3.3277943755331,-1.07418602568734,-2.44019527832888
2.29542979911706,-0.356114089201726,-2.92230229252103,0.872528281723896,-2.32172315950374
5.32761484849608,1.1389544247877,0.678061415240405,-0.548778041281144,-0.645105507698787
7.08195924320494,3.83269991836423,-3.92386231063289,3.09479810025684,2.04328919805571
4.45421055463993,0.826026700078049,-1.57953895250381,-0.652325567715381,5.15149275385318
4.43763010307894,2.32124284849283,-0.434188480581638,0.0777173788396213,2.22528217891997
8.61180305645273,-0.43172945820496,3.70331523759102,-1.34129717456012,-2.29874974217339
4.54745266804598,0.703131837572078,3.50525631127168,-0.382486925585657,-1.72092529929751
8.12680875893663,1.85125834842178,-2.62739728848424,-0.947644256664609,3.89542410504252
4.14200012122554,1.77526716131836,-3.04791042361884,2.35787720330432,3.22864054798735
6.90059631708781,0.7524722655809,-2.12336278060473,-0.726706801668555,5.37970127451053
8.54662754323426,0.875505281411783,-2.09459272891689,-2.27022310022463,-0.664304923560229
5.86947582539169,4.48687935223936,-4.41018341643538,4.23280428537066,1.4903535284699
5.4675726538596,-0.454437052737831,3.37846250682056,-0.656818280039654,-1.37778856283774
5.38128403549348,0.53301711430465,-1.48264958614289,-0.629040753096823,5.07542814426862
3.40193838500085,0.271150688433644,-1.39409773941092,1.27902536482103,-2.62087205385617
8.52566288041525,0.897108402832949,-2.3968241144583,-0.594846854126236,4.84107660601042
2.00926011080981,-0.220734960745417,-2.54284589776773,0.478267262743164,-2.41965265979543
3.88847379709949,-0.289388669036622,2.81756257116892,-1.86383320926736,-2.47585607447458
5.63529332289024,2.54251717858346,-2.68426821400921,-1.85763248457566,3.58313734299725
6.09839330308045,3.73078631870409,-3.39393154223366,2.67286357869925,2.53137385806688
1.99114419798646,-1.36824006224192,-3.08924975196173,0.128454637793549,-2.64961916862099
7.04056895250926,2.27115887903052,1.75050509380267,0.137555882553867,2.06751901459573
5.95091840865413,2.21093541318352,-3.30704473664024,-0.0915302822052442,4.35487653494027
5.12836913903294,2.81080569618155,-2.84568502553815,1.5085916296663,3.10237893247666
3.45551341879432,0.873655156863671,-1.17355041481397,-0.359068412837334,4.38034730963786
4.50099905919356,0.468788607376807,3.07370504960024,-1.21238678272146,-0.720170569134619
5.88497561288947,1.75531984147029,-3.15175107980824,0.986150436391987,4.37035801240652
5.05989957596181,2.01481034187124,-2.89007354965391,0.7296371658885,4.03656250785922
4.02939832566001,0.565343230011999,-1.77677168875332,-2.00338002402545,5.84330582711956
5.71468001473055,-0.355048819719519,2.95753826627778,-0.787166924586598,-1.8848046030654
3.38599111291223,-0.0758058702124108,-1.92640258231484,-2.47931711202626,-0.506248837786203
1.93783243157227,-0.478064285694151,3.53651516492029,-1.686029726792,-2.25718080976529
6.39978536497541,2.91458886571775,-3.69142806206411,1.87979016339203,3.1210544815648
1.96821917228851,-1.00720929880668,-0.381701653602057,0.929596367826236,-2.90771382588531
0.624631687794599,-0.567737908063893,-1.16354777063484,1.19378191283344,-2.17307280400805
4.05208419395708,3.45342417059329,-3.35526344157726,2.41256682652587,3.0225102603763
6.2768424513123,-0.0627327419296258,3.13272096642727,-1.57175076572375,-1.36568918103017
6.14955243202398,2.78076537870306,-2.1541018912576,-1.57971503591143,2.70776208545907
4.31205304587245,2.26371416927126,-3.18304600761982,0.0580254382307162,4.69430611763205
4.76130863654896,0.476161678438797,-3.47127922202224,-0.881358357507568,-2.57334312057492
7.10734931609679,2.79248789607236,-2.51041215245994,-1.95627011696498,2.9666874185229
2.36344945888217,-1.01201311968214,1.20760019183655,2.94402291256139,-3.31341562024498
3.25294840426535,2.31307744295353,-2.16349872524105,1.66128548359845,4.02813993486784
5.34530283251511,1.68055699967528,-2.15024506802338,-0.825788240258113,4.22686643176873
3.95690081724834,3.91364633884454,-3.43889671327965,2.19445966714735,2.22273553335299
4.90554181498173,1.13145281197806,-3.14047991114853,0.122399185113794,5.01458540485723
6.49404129658984,0.728136818502561,-2.25710083681112,-2.13856989551895,5.97632728994826
7.77395737863081,2.0503085343469,-2.83632260538973,-1.11245762138884,2.87751612228215
4.91150153359632,3.9233482221407,-4.34468916677626,2.492092091477,2.89993991441161
8.07458116702285,0.134098196463638,2.76421859765041,-1.78144429172755,-1.59962561826055
4.02880742060437,1.79316189540728,-1.10290654511771,-1.12382092062109,-1.28840774857019
4.33924232590058,0.463046253761538,0.827052124079666,-1.18061570153462,-1.39395260266628
6.72704655557018,2.26689691176267,-2.70065791680788,1.00799943740876,3.74400950454015
8.85124854139251,-0.423441815820696,-2.58930119289714,-0.132488802430964,-2.86784180530128
7.33599264011583,0.939511169636351,2.2323597137029,-1.15385390731131,0.401421559649463
2.34009850135998,0.429283871998654,-0.725827287799346,1.39051786890773,-2.67994404744356
-1.09704330846092,-0.77900132756145,-1.54037760142556,0.97821694607078,-2.08363806025991
6.78764747730604,1.13140353957374,-1.86955586049666,-1.37223812481898,5.75792239391597
3.25144901515459,-0.11006317857439,-0.912060886108632,1.60552977921146,-1.7938793633398
8.24726448882208,0.841199510485069,-1.41614122509496,-0.197170596745056,4.14324069897279
2.13966466978783,-1.58845861038106,1.3539918892225,1.80508508568189,-3.39455542379445
5.63344981362023,-0.228216272025404,-1.58358374122327,-2.5217474861487,6.77785116977897
8.49964724539222,2.39058192593118,-4.28004884254906,-1.87895402357382,4.15105543883806
6.35459932816777,0.720458568649249,-2.24974078141222,-2.24772042535262,-0.220571779440397
4.87199527041216,0.0553009248786054,-0.648038147556514,-1.56375093651768,5.88695194042734
5.73761579618598,2.04737559173965,-2.47844616443053,1.22828025453113,4.12159620342145
4.0126439904351,-1.30750049565006,-1.59722484528085,1.03642469233078,-2.74180123781101
8.2185771578542,2.17895378361756,-3.36638657979305,-2.58559789470401,-1.00697736984234
4.64092185687844,-0.798713894322142,2.83782683059086,-1.19189704500616,-2.08753729521341
4.74800947826416,2.55935917679585,-3.32133371412808,1.80529040435157,3.14894223991862
4.77597783770271,1.41084249901437,0.125707155863964,-0.0625968117448505,-1.42509637272146
11.2582343252767,4.66247170822244,-4.73010879231425,-4.50546579946937,0.737170177034611
8.9342496998204,0.954038052564241,2.09835870541598,-0.958612406515561,-0.601368686222126
5.46144656821165,2.02025642463249,-2.97392524646183,0.201693065137165,4.65702296239404
3.5503565556338,2.17970258766186,-3.34115011509015,0.360505317213018,4.89556435078401
6.80257890330288,-0.719090264482534,3.39833307085862,-2.34353020192792,-2.20036531703947
0.801457176288134,-1.6935574767093,-0.389732374255613,2.50745273126549,-1.62636456130281
5.0112169443232,-0.0436068489477402,2.15555630689541,-1.5272271574001,-1.64059912776195
4.9059017237345,0.752074543364136,-1.69498746020586,-1.22124216991782,5.5174323733013
6.31905944577806,2.27059160718734,-0.0756841605929366,-0.220579241275457,2.47887078226277
2.79334647573718,3.6136219263291,-3.77554602722721,2.40651396337211,2.60193276527825
5.26621237333609,1.7987373652437,-4.95501991651403,-2.78218527979494,4.44500797290826
9.26044825437465,0.107241126510828,-2.05451371107681,-1.53804256307207,-0.110840170550533
5.96012904044398,1.12040991902649,-3.39635485352064,-0.671620739055014,5.4055283573107
4.56147793274502,-0.43037644200348,-1.30669310065487,-1.8561704099826,5.63129345831137
3.84908962037325,-1.55873779823162,0.604390386621099,0.829438334227548,-2.99574143364825
3.64322109123746,3.38643411264473,-4.09462699401204,1.92282068600511,3.29210418154176
5.05227491858358,2.31314586748829,-3.00611928581026,-1.22916008949167,3.04953070165163
6.17899613415871,3.31842276557635,-3.43690436800526,1.37379909100396,3.05569582276584
6.05185876569903,-0.570665372699207,2.35842307889111,-1.84628731663142,-1.15144140378571
6.56927300165647,0.391818671678632,0.573808619931031,-2.31940518442513,-0.49039153754118
7.04706851777618,0.568317983790869,-1.29868069710308,-1.36815858554561,-0.293491817208467
6.13173350361508,0.256964478059206,1.03844920910841,-0.952041042722894,-0.521870897492164
5.94848543284854,0.957443679783742,-1.99711869184312,-1.23939534380466,5.23888188460345
4.85958770331248,2.86739856531337,-3.78798545654872,-1.5745378693535,3.85265035581922
8.53604870644178,1.3450652387474,-3.31075388572609,-0.226106311561272,5.1096666806365
9.25358126328611,1.78832512870535,-3.23409737580659,-1.77679644323869,3.68477619507794
6.03883448235945,2.30383145275551,-1.90613881442972,-0.96142313643368,2.55853278273337
2.78390092015011,1.11933099042472,3.10358462368957,0.464451561376756,-0.17699121187867
6.30659807714848,-0.658542872074111,-1.82244106349746,-3.43750310831686,0.11697400738708
3.38908319103458,0.647180881851798,2.07695325065177,-1.33426946108958,-0.426202534527365
5.53984364195719,1.4564039884185,-2.58010391975438,-2.90899502020412,-0.730556577567251
5.205522162976,-0.0530242875840423,-1.90865449546917,-2.40731505805317,5.99680966337559
5.83187453334126,2.03104032586229,-2.93721127085888,0.444828972430486,4.14037129578742
7.16055636909352,1.94447647130865,-1.04565117103994,-2.30545912076223,-2.11559408418843
6.10210605202359,3.03715699497317,-1.32772395680411,-1.00197119252968,2.7859744509862
8.63494270702017,0.52974932414469,-3.56157334336112,-2.88644225802462,-0.437987376802968
1.0836632744448,0.220531281711202,2.16147091133339,-1.66390234508211,-1.3713859025512
5.09038950176801,2.51720504516286,-3.91125663748299,1.08132414359854,3.49979337348634
5.4061894385888,2.06112676737433,-3.10714020462157,-0.0484575728012776,4.24637998220757
3.54194469608058,0.311518159233403,3.5222935381797,-1.30790144773205,-1.5834719446303
8.88270166512384,0.0742191828893889,3.23244148271878,-1.42604424388757,-1.3398911439936
4.30268931884167,2.99908654096569,-3.87730941338984,2.4805301509568,3.01700137267178
5.70713137564309,3.91826922423772,-3.78519661574602,2.48926450117575,2.14641697199851
5.52865278857006,0.783475282935024,4.35654888391482,0.450606639622206,-0.315826460929753
1.73359532093259,-0.777644514442637,-0.346034596148085,0.831955352913429,-3.22612737875266
6.79951611108896,-0.412498930370597,2.77043244765314,-1.23890997446486,-1.13573069021954
4.88116148661716,-0.171683556498738,-0.664108145960272,1.63901991574193,-2.49753268798981
7.60244006597179,2.00838778694015,-2.68609198405474,1.05331907951866,3.48866439809692
4.42104958979419,-0.573846232183433,-1.65845085702643,0.0320866326582498,-2.54793416508695
4.05136196576974,1.61926064332254,0.744418971625502,0.804313417284748,2.21386546405034
8.62499937715122,2.15713066968681,0.567018045763594,0.594506688117569,1.63541394503451
5.44853830515476,1.15686127585767,2.76630524032693,-0.68491490494862,0.130035065061697
3.94944642503172,1.16340568408588,2.50274784231829,-0.740031445272179,-0.42398526719868
6.45098995159557,1.30224920268763,3.74355150007109,-0.332393004660746,0.173444140904478
2.70359994918987,2.4696429532694,-2.61888301785965,0.880395321955195,3.66177126841174
6.54293556578391,2.77450449453497,-1.57423117710243,-1.7831222415129,3.01374339722028
3.94101795078367,2.91528012437961,-2.99792747175165,1.90468922190354,2.59698145923911
5.89782192013282,0.157705221199497,-1.3467253803268,-1.77992280869111,5.48858585369638
3.96820663890032,0.546398729735306,1.68740120927748,-1.25868154282252,-0.895330730607882
7.51491224760978,0.664175012922184,-4.63808931222922,-3.64621926642124,0.00907578783616381
5.26115743690005,1.62686058129239,-1.05153977678384,-1.34559649574171,-1.37151855182028
5.33686138065358,1.13611709665414,-2.79920509677941,-1.15064062919794,4.99799497877909
6.42510497759865,1.69768437838237,-1.64329021524284,-0.118526203321278,4.21667663336634
1.46559774081231,-0.439345413751201,-1.73209551202604,0.230435553616537,-2.28365970514225
6.28560937229646,1.98618142406588,-2.98856411311088,-0.0123948339505654,4.50190108306171
6.16040196513821,2.79979469511509,-3.44143282418707,1.0281462296927,3.93073524810674
4.12101268696896,0.202577955794828,-2.6132853641781,-0.367185191045206,-2.50556332652571
5.1091805177712,1.73181357569679,-2.09162577573157,0.639561917789244,4.07987306381721
2.52619227882753,0.477049866510683,2.65890179273853,-1.97077691682161,-1.20956542613492
6.3136149241102,0.165774822909115,3.14493863488397,-0.714259066081876,-0.803161143536978
4.78217690922685,2.20809131956323,-2.39679023890047,1.16300269740014,3.56029052065446
5.02107924432603,-0.540704317397634,3.62854237403275,-2.23938555713398,-2.04807684072923
8.2642840286816,1.72719039676571,-3.86149133226679,-0.353667215127514,4.59762483409862
3.94103016532543,0.0294156157351769,0.092739681016075,-1.15367233694359,-0.832526487945526
7.11645663752091,-0.295371919136048,3.09290170598193,-1.91032022221359,-1.83088991224593
3.59249370844312,-0.123416586510146,2.89840832921949,-1.82578239898091,-2.09636028355284
7.59638553734439,1.65888982641176,-2.30700527919454,-0.3248515231438,5.13173981593796
4.3233743790814,0.238733368498018,0.0986036391040892,-1.13474164104381,-1.63139578128085
2.59363035296985,0.525710351977169,2.58322159884089,-1.52590571891589,-0.79382510514632
7.76329131638947,2.64827384779673,-3.44461486733163,-1.93521402242901,3.75885916003302
5.1188132577806,-0.544295458564632,2.63044839134392,-1.87886835861713,-2.50895029957921
5.95004949782805,0.642587723486087,3.84825486201892,0.121206600617643,-0.377672123132901
8.28918087539247,0.361540011493691,2.41970172597087,-1.22542490195251,-1.25138779067853
7.52552885473944,0.938341174108049,-0.780714458922413,-1.66258459523598,-0.935395444364111
4.65824382270772,1.13452823596391,4.22825520771983,0.2058292937483,-1.01923354765665
5.42444087561613,2.70583977509361,1.49080251454422,0.0888889744126746,1.62948829341595
6.89833761503177,0.0911963703668653,1.87060196621301,-1.7354068478203,-0.19925736621956
7.39880001653776,-0.315679186979884,-2.73047516705532,-1.27082788893045,-3.92050951148377
5.27690703316324,0.619443515083729,-2.95452020235537,-2.29947966204726,-0.272202803615833
2.21280123089596,-1.55201568444613,0.610256976748941,0.832893621214376,-3.06634432832877
3.3954485968627,2.36500552619374,-0.884411672065632,0.126537948574168,2.88009502981868
6.79315516209566,1.85137258034102,-2.86712740156219,0.969942109522808,4.1806284218261
2.79326170286524,2.28810106205516,-2.98370373894749,1.67377968826215,3.97105202765074
3.71491808636315,2.28547422333643,-2.71435222092942,1.53384597985688,2.99743596845845
5.5721828229798,-0.0623384355153248,3.40919347692058,-1.73765289213029,-1.34402728390738
5.031220085343,2.26667340966685,0.785355377934617,1.76279778881391,0.990596755869947
4.37857516186677,0.430814876564124,2.99766875805028,-0.932633170603768,-0.595497070773086
5.8997864595428,1.05109970110516,1.17468132308086,-0.456730510479899,-1.15777723043667
7.45942400652097,3.05631123256208,-2.35304347424848,-3.04910620331583,4.03391431629207
5.44556695004668,3.39978718283349,-3.94233579023417,2.6204140355474,2.39949122810697
2.21650306320896,1.75275031439635,-1.48349414018794,-1.06361838262269,2.64224275770771
8.96158629442198,2.41340509310148,-3.28815115331238,-1.50293962679218,3.47348077999358
6.05451795399889,2.65646740662472,-2.67486988231949,1.91405035923056,3.21647490983364
1.85067904934857,1.89995189117257,0.0161096152687348,0.310111884432767,2.18588363862224
5.40441065891838,1.87613092672154,-0.713131162437878,-0.654139109736295,-0.882428283782657
3.36583022565528,2.06573505002762,-3.05713427545373,1.37389120141789,3.46552553175167
5.11743278063344,2.51392572034424,-0.108768486513909,-0.897115895178431,2.39379873185044
4.51308498835949,-0.633609321257901,-0.877848154948021,0.712000658774323,-3.48129242849985
5.241007673445,2.32208830934289,-1.69956026072262,-2.26277737304567,2.48565641108227
5.49033446228768,2.05378153495112,-2.7356920343224,0.523871842982331,3.52718617875709
2.20704352798015,-0.896663992845277,0.231493107483177,0.837029660506388,-2.6087035787107
6.69693067576679,2.77848060081734,-1.55842273793852,-1.37560541481749,2.8948038131768
7.33289847360842,-0.235085943129915,2.80310973081165,-1.4777459130671,-1.28198908248322
4.65078368871208,2.36526828714916,-0.0475337037945684,-0.495740924936874,2.07569959022109
4.21102335879961,-1.34831281834668,-1.76557523261683,-1.4969450633804,-3.16241873919253
6.08279732000403,1.53619733084754,0.199874777997585,-1.05186727465687,-1.61489040088553
1.45289586926124,-1.69751965704071,-0.508103840147164,1.54043587691197,-3.22412782783625
5.98755015196087,3.18005680534543,-1.42625818412917,-2.18446685341547,1.51857820467104
4.77735674984841,-0.144361713139886,-0.952609095656752,-1.93218869977181,5.76889994099575
5.89779953560046,4.88511172029371,-4.31868815773996,4.36271663368786,1.52837353176806
3.27255797093567,-0.630004534955766,-0.254745907315374,0.942402304656236,-3.05375242611783
3.78303067074961,0.941515738847655,1.19345729542075,-1.20827659460514,0.277440696404706
4.81536248686445,1.01636501471833,-2.72970828326106,-0.96824446480895,5.1200508662402
4.58396482118732,0.845281005502302,-2.10540918228453,-0.619739325043659,4.74788869042765
8.18994274934158,0.944904817304515,-3.74102034061492,-2.86811241302112,-0.865938733118275
6.23114396391183,3.32196030287743,-2.73345328219608,1.7464485804456,3.32960630094338
10.2252541532247,2.37873004118779,-2.33077353555728,-0.105918227467076,4.46223738997779
7.52477832365179,0.557272139566854,2.61817514309364,-0.535651269277001,-0.662760701554963
5.78258182277341,1.64898426928315,-2.1201436388678,-0.00774548516321449,4.39638910216816
7.79303273381351,1.12871425321187,3.51369821873306,-0.141348966695019,-0.598963907168927
4.53157337502013,2.83329715886609,-4.1659635319079,1.40135151865298,3.22501769280006
6.90491663811168,0.0826364886515071,4.04762238188306,-1.08795144478953,-1.32695427037491
4.67225772008217,0.382713107274793,-1.9104039105248,-2.875320884783,6.91838781784333
6.42344378958829,2.65857871895795,-1.11633293702774,-0.542835517067449,2.64327200748927
5.50445789239742,2.20441799997015,-1.97816909223597,2.08409237907731,2.53520804509484
5.85851588993125,0.140626371914211,-3.22499144358119,-0.383095120097151,-2.1876079930209
6.13641108128165,2.49442173422056,-3.04136663443689,1.35358580593724,3.90743179835426
4.70741487820863,3.42518276624422,-3.66290174515934,2.34440249001948,3.05742525977822
7.10527760228675,4.32434088460255,-4.63739690880534,2.69309621130339,2.31741104286079
4.75116113889072,3.79712548196914,-3.45612121943446,2.1168781484078,2.93132074904156
5.56227404869622,1.66389693091021,-3.37978097318134,-1.50094432238074,5.54261609769126
7.03597076690088,0.714227707936353,3.67874387989202,-0.474991754407947,-0.0945582949898851
6.42867879749908,1.6050624625166,-2.52279114632333,-0.329594868159885,4.10138794044365
2.84137774707341,-1.22822425827671,0.976638796265104,0.959662310778624,-3.56354964504273
3.12797812406352,2.87438072561626,-2.29814245431618,1.89713470721157,2.8808876520693
5.53010994872793,1.56002850431038,-1.37244850019346,-1.44999930406508,-1.20632674195189
7.2029264087044,2.234516033894,-1.8131930228046,-1.47240604811344,2.95930414454681
1.87767229557012,-0.259676999835951,-0.0762848992524825,1.50294755530338,-1.99160250715446
5.60465962890435,0.255563200443785,-2.09819570310479,-2.57654987086595,0.0483291806976949
6.32231018254572,2.08542971540409,-0.488526696883404,0.489880129167684,1.90720824207481
6.40207200595979,-0.54131649026802,2.72442274649765,-1.81501661376517,-0.813426743793314
4.94054295446231,-1.02747978021111,-1.95480602817785,0.370519792674732,-2.61676409712422
6.61227319395817,-1.45536070286077,-1.80272206847332,-0.181831129649597,-3.41346654959084
5.72328156599787,1.60293987393942,-2.43580796573502,-0.487845982573724,5.23096142127926
4.43750934216383,0.348850453101735,-0.0730926225589102,-1.3774747646913,-0.99821650617848
3.80058004566689,0.0323199395293855,3.12348461167701,-0.634814511952552,-0.0701855806035874
0.928512560446061,-1.9166789166226,-1.10849524648009,1.39584485035324,-2.69078870576405
5.44491229267348,1.27993624803473,-1.58826478465318,-0.278629570907108,4.59198710482646
5.61816623280284,1.80636366963011,-0.437567634038923,-0.676061539954887,-1.99619022611071
8.37892069307177,2.73631421139073,-3.25169631868277,-1.87440649839114,3.95821945707997
2.61430081886684,-1.25813340773849,1.27280896630488,2.2956857286473,-3.31785847494583
8.47420929479088,3.28019647488367,-3.42376310997425,-2.25215599073705,3.29830215422764
8.82430096782117,1.80938933223602,-2.88510953985193,-0.0939566430204504,4.9960865304543
6.76573319233659,0.218206811617625,3.45853723125101,-1.04888477917145,-0.960850817989902
6.12259468224468,0.332937399999023,2.78384646010039,-1.24297265895621,-2.23466776051776
3.0943586157445,3.10630386378157,-3.80238474251849,1.62655101838206,3.36368188777178
5.28425523103446,1.19927418538101,-1.64583505748334,-2.32180714938431,-0.710690905501111
6.25370597863929,-0.373820345932984,-0.690113312685292,-2.08805264088006,-0.830030429345729
5.95655648107302,2.49259601415079,-3.40290739004395,-2.10328022948202,4.27891143327194
7.54756605041418,2.06007882614425,-0.480339168561469,-0.122775262132229,2.43501574287716
5.72136653390461,4.214561809673,-3.78479104054487,4.12327664160993,1.81369569133857
5.94724827414163,0.380055076946868,2.86660463549764,-1.25072971683237,-1.64009145095
6.78316990740815,0.311526618563725,3.77351968953309,-0.429583277485709,-2.38493549008719
7.04876992594471,3.25235389881419,-3.2920854493618,1.58150202460068,2.81711184153464
5.21518502640635,4.04929970691996,-4.12977345265129,2.1207071583211,2.83929066798304
4.80877931651346,3.05484641395896,-1.51296698135106,-1.52188530736787,-2.58104245223401
6.33344825046726,0.223630828610248,2.67290503784083,-1.43690278265524,-0.394294852355725
4.42547416314766,1.98294063244128,-1.25713769882464,-1.34194576191538,2.34988667126906
2.90977646621221,2.46682500152216,-2.34601155788033,0.389258041643765,3.86819778581836
5.43777395332123,1.02348971879844,-1.29594503437623,-0.788955570977494,5.05159158037495
5.76876602843856,3.60915585046796,-4.29223591865139,1.59486778035789,3.21083535246052
6.29657064685344,1.76092708247563,-2.38280017931041,-0.271902514405777,4.07208418920898
3.76073045884154,0.446882602956416,0.086183241691004,-1.42554598942833,-0.337866025297037
2.6788537909391,-1.16966571997001,-0.55467618284866,-0.170477110122931,-3.75157151278865
8.84329756895996,0.459420421921491,2.77454348847216,-1.50843356647368,-0.758467848017398
5.2823509550259,2.85654981013747,-2.88452327526819,1.76555086010717,3.20927989910329
6.30963153324226,2.31980317799463,-2.72014512359415,0.643127578947167,4.15783052006481
5.55512952595864,-0.343009496666963,-2.56809656110889,-1.02825223466021,-3.57286320425519
1.74097595953096,-0.237295186447529,-0.986042993326987,0.0958281148290805,-3.06529317651818
5.03547784803103,-0.10985570736376,0.702252580507029,-1.06092158940357,-0.285312975219684
3.81462635340919,-1.05915455016308,-1.03187611918612,-3.94571610761717,7.15902097736068
6.76965289113061,-1.09719364925985,-1.45326575254816,-3.64255997822588,6.94502169906083
7.00187372899943,0.861767247124702,-2.13855256512458,-2.15840686895156,5.6504578862066
7.51189610745186,2.96350225068787,-3.35117981793755,-1.76387876677653,3.37898481778946
1.49413921984188,3.54551937317346,-3.31439355121748,2.83056462327417,2.95285656463464
2.82100670425803,-0.489129317863121,-1.76850444592625,1.11125467220544,-2.71751567938889
3.52178137412278,-1.11703031035321,0.976532831782116,1.24541426451025,-3.7154478452642
6.60949681099628,-1.13043436252343,1.9512897293553,-1.26992646345539,-0.313625083618291
5.29136246058177,4.18648470346106,-4.88321115843247,3.11529866356538,2.27916366821504
3.01678679711914,2.1136311937972,-2.60089545432252,1.22484837109672,3.90934359933973
3.14825824686029,-1.24857935149203,-1.7411104880933,1.04209349642613,-1.78823014120973
4.93540214172586,-0.20058590139224,-0.953843843900857,-2.41849935742716,0.0143846620424771
3.26912890196902,1.59265211635539,-2.76764060044428,-0.522670607359845,4.910911217977
4.65629833221722,-0.386605721164301,0.632144245076528,0.660281357967304,2.03346426620971
4.54053866343148,2.50974762938825,-3.06618385021406,-1.31799872331451,3.03224940079696
7.31258536127252,-0.20234881075755,-1.54743374502618,-0.491882899184607,5.09033471530878
9.33833087809962,3.0701407176991,-0.832530496490852,-0.493749242563273,1.39491983617726
3.96154929773367,-0.217207501244744,-0.773111022610236,0.42231870162532,-2.75308227777749
4.49933930327815,1.08184328991688,2.69985592206706,-0.348996612486562,-0.378285191175527
7.78278536741027,2.54970617420626,-1.09280442112602,-0.103402979839824,1.93455123047924
7.07444936331801,2.46012489744238,-1.51120843544473,-0.72548488689621,2.77486097080372
6.35947324851688,-0.29305039057374,3.98864923059564,-1.42951745470463,-1.782392698158
4.50151045853485,0.0127783282811987,3.22773166077755,-1.51393557210894,-0.699271205865349
1.38516172072569,-0.985799168354957,-1.91271896720725,1.02063500673542,-1.92779341749457
2.81453135011418,2.73277915871455,-0.873890229823839,-0.877623359555102,1.42835056634649
5.66421733947675,0.142454374435051,1.48105452301469,-2.52866579977126,-1.00441225302311
4.13563995129781,-0.265937049923271,3.8867405120817,-0.0944988052532527,-1.13385965413816
3.36683690383059,-0.525882499256507,-0.132534890534963,1.12400598335752,-2.25680788670869
7.67041032209865,-0.257083649301258,2.88391365310493,-1.09276011527355,-1.14506849831386
7.66877860031864,1.42060215107022,-2.39738102476069,-0.209941526307598,4.69073514998126
4.38821312739032,2.13264967339122,-2.20557215169119,1.80951733247867,3.56985769644757
3.83821463093094,-1.06821091792926,-1.17448661019617,-3.4919097220199,7.04720368017018
6.07968974221467,0.101230253974611,1.90599338854252,-1.86977946293205,-0.716878917765529
3.86932966589351,2.0571314496679,-2.99766105145796,1.35773686561433,3.16295728140078
4.50357815475318,0.736666820508203,-2.48970862658261,0.675838277583111,4.18705292140783
3.6886923135638,-0.134022885207321,1.97780569339751,-1.37849196925632,-0.47628934523602
8.70272451772137,2.44267716478987,-4.53226155206281,-2.14834643730229,3.85409820941816
6.3526006177419,0.996069330937601,-2.3534438391242,-0.0994645789579039,4.6588635095022
3.99062028002351,2.14656054639862,-2.67713008636162,0.853393161371973,3.93571243274721
8.14399948823822,0.72048027972601,-3.3306829919111,-1.1475177887657,5.12261938823185
6.05567435639824,0.116057059741907,2.91268357478075,-1.41907262801132,-0.926922216335283
5.68023200495646,0.0712018167188011,-1.46780494760855,-1.92038504503522,-0.627688014865558
5.98446127509833,0.940037395840754,-1.59193696451241,-1.83380343956381,-0.437055350955707
2.36813510110901,0.151951233290696,-0.826714101366386,1.03028259414037,-3.02568964474029
4.18766535906119,2.46967717648165,-2.63686070834081,1.44941256885543,3.42729277669451
7.72234519427713,0.345872955506481,-1.94969496570971,-1.94420350835887,5.35014473642923
4.41604238162622,0.274207486872653,3.11483752416273,-1.11499343238695,-0.717502562317487
7.41682302750863,0.150925907163445,2.07307366775171,-1.57134340937889,-1.50465439414723
5.43036939868619,1.44569788612515,-1.22627397499485,-1.69512530463502,-1.32930992989707
3.27561003984272,0.270557249771362,-1.92688279782896,-1.77282335043923,5.34458029911784
6.18895634706803,0.0933473818878763,-2.58202620365335,-0.723726389015545,-2.22915353881223
5.88980144959714,0.826244552783718,-2.56879692029771,0.067427774908327,-2.75391749577188
7.08943786843423,0.61171442712459,3.27960476643008,-0.882547605196234,-1.50850620139597
5.90010012815044,0.00546000274416725,-3.06139884558677,-2.17724932299948,-0.13071470565251
3.58832500780003,-0.750607952104639,-0.419464218731798,1.16933194243732,-2.66684387319713
4.42085188591294,2.54452807780015,-0.719386749271587,-1.51885219973626,2.05383069597185
7.14426144020795,1.17681852139316,-1.81722892082596,-2.02027866946271,-1.32279967670879
7.36029179079271,0.586260157015036,3.47433311235842,-0.321990219360451,-0.353637164431872
7.79992430861044,-0.436629104159739,2.12384287031553,-2.27868154685836,-1.2960065577303
1.1643200805254,-0.248395700017826,-1.07609724554579,0.918628315773734,-2.88658975982457
6.93538471787037,-0.687846167752675,3.596194314095,-1.57216223957307,-2.46431914238332
3.33986664725724,0.0437129178502456,-1.12957507876748,-1.38891883380041,5.3815048944274
10.692910272424,5.44745484649361,-5.73695599169327,4.55727334708664,1.14752620462793
6.10632834884994,-1.03854345706045,-3.02682304027177,-1.2378984741205,-2.58754592905972
7.7723016772088,0.864732613928633,4.23522790441718,-0.20341476602757,-0.83920984844276
7.0480143489674,1.82157890057271,-3.16035349323238,-0.525656381872501,4.18340469562096
3.21465415713797,-0.8865367828378,0.0813038607656722,1.54115750134031,-3.10475058987408
7.33297292263,3.01891741840169,-3.47256714967415,-2.22095559157333,3.38245316437006
2.91529588799861,0.212088786146794,-1.17963182896746,-2.25806793418952,-0.461653149996088
5.12685251311101,0.760740897625601,2.63949680332859,-0.88652465263937,-0.673426870139613
4.39395907536142,0.856970095191427,-0.252257963203549,-1.36401293496191,-0.893893614725013
7.14089007040971,2.91630828555152,-3.51557860797151,1.42067781715313,3.40953360523449
5.51306963988364,0.874808980736411,0.704797436356349,-1.27003570344096,-1.48594865458987
4.41805411087768,-0.155306058564751,-2.06128152378649,0.331755052014599,-2.21715244981377
3.04555658054567,2.28865177079843,-2.64826546278725,1.85455790601185,3.1683406092765
1.88467836467366,1.25332025704189,-2.22777908060172,1.18832074799655,3.45852555577236
4.10461166847644,0.541420819571172,-2.74970152848681,-1.09736317759666,5.55630967085678
7.08204546542472,2.19423913849586,-2.20453612982696,-1.3035706329591,3.16701374820758
8.04471122510999,2.51580283199442,-2.23231761930567,-1.65228007142259,3.23495098786502
2.22723969490603,0.670213689839122,-2.36313099471794,-1.80216953086953,5.30939467081533
5.36610727803373,0.0747253252521511,-1.64563046299137,-1.96894455150832,5.96988937302313
2.16193167240503,1.9323144961364,-3.20389710276341,1.0418132562998,3.88866931402974
2.81660042226311,-1.38900764352041,-0.40068956737044,0.853190476467207,-3.34830160283069
7.11604800475537,2.79165981735272,-2.08695057337202,-1.70299296619188,3.04426477922406
4.78139663978205,1.7507185200324,-2.98358076109662,1.07722732819315,4.03052297220427
4.2879234602922,1.95225084420099,0.0761500467473444,0.650584109018627,1.60096126912628
9.85564619966371,2.59468388821994,-3.98501195854515,-2.74354890448924,3.97665895996249
6.60475029502365,4.51507325843248,-4.56379997968957,4.38077095712803,1.47158492151369
2.64457967403443,2.62549486065135,-2.19056908416972,1.81725841767133,3.37452788042071
6.81188180717746,0.874229688406818,-1.3643544845797,-1.86549048157894,-0.717676040351348
6.19426029850785,0.378845418815087,2.04766202558468,-1.58927541733557,-0.15835535465775
3.43825117205376,0.280108005948273,-1.81416151859599,1.31366091802959,-1.92924634298823
5.61092499210188,2.2868074813435,-3.65384820308494,0.463421393339783,4.01718952496957
5.61068044682686,-0.0986658961639609,3.23327135549504,-1.24926587995337,-1.55295447555554
4.89078154218378,-0.803638102253076,3.03349873575493,-2.03081351824665,-2.15853033659984
5.82945082674989,0.981533386334547,-2.90856388776893,-2.59940833414109,-0.829042229063821
6.08336460989717,2.57473605129363,-3.42137037206699,1.45868729792206,3.21261941264132
5.06591859893997,0.0559520765625425,1.75764788291081,-0.98863014755446,-0.777569895146041
5.52910087671818,0.117358763617412,-1.00264933400517,-2.62704993593517,6.26122774162396
6.97290063258084,2.70163132310186,-2.64607393836763,-1.92147446907046,3.6921628883394
8.17833299403883,2.72036029083567,-2.78737871094884,-1.12947864030698,2.68366017178869
6.28437802767509,-0.223445096229485,2.39988813054034,-2.04803036693184,-1.87437907653385
7.43722281322513,-0.0161618043920459,2.06792656683995,-1.33569895637683,-0.137310444698564
6.84540504820406,0.0870524275142963,3.63135423208345,-0.333219143468073,-1.1699432359102
2.04562525861149,2.42324568476158,-2.67123277884557,1.75312620279492,3.54865388213591
5.94973607498039,1.46030871273637,-2.34001914436182,-0.201983924341635,4.86174077741459
5.42079845960134,2.45690167633687,-1.86956855966084,-0.431202793684261,3.41555395460818
6.65641410796811,0.429154625346148,3.3677181893425,-0.761802597716789,-1.17571733931756
3.86389910670383,1.14883618143596,-2.9409231009895,0.401747586770699,4.15897485772829
3.28559601550097,1.77759328453169,-2.80850432468844,0.449388319627501,4.05934422945144
8.38404127498324,-0.147073663793138,-1.5013192240514,-2.76043793884801,5.99628697158995
8.52535431976927,0.195998473792187,-3.28917319711919,-1.09159476082203,-2.39286199802101
6.97246715961027,-0.34791514822812,2.82367461089961,-2.14708254577372,-1.98273126060787
2.95448963335352,2.08048605372958,-2.71482763330306,0.578928819493631,3.93064409498642
6.21171171977632,2.53211767589014,-1.96120254831981,-0.678305053819682,2.94961310878503
5.61972177705132,1.09914331856162,-2.27734668120786,0.453780519796,4.39673811889249
2.95454057208018,1.42315654439408,-3.2483079000948,0.220500897252399,4.70148808284067
4.66405924181796,-0.626390753029596,-1.06503472460455,-0.0838719913513801,-2.59523131658636
3.80983321402767,2.55142637619101,-0.572564161836828,-0.0358198285365781,2.42906517283038
4.87451076431674,1.51966719276433,2.63353051401155,-0.669122165048819,-0.00471645672570209
1.99837140620303,-0.362944255641913,-1.49022500559733,0.922649792261878,-2.4386851565726
5.21517904562016,0.201018594221387,3.32439271987476,-0.81688364930478,-0.614202672085019
5.49715572860242,3.02118283689816,0.663650026401587,-0.0612318166794261,0.962981770428263
4.1158796449146,-0.812885754767916,-2.04706627900222,0.827246403282167,-2.33511985182729
3.47613356195114,2.78093726824229,-2.84722530353081,1.09528018588684,3.95446827510956
9.32694421339,3.42054203932215,-5.3420117891316,-3.48285169968782,4.25616436128088
5.3634433927509,2.59142380827708,-2.04984758395122,1.91797863870551,3.4186753737899
7.31438494700657,0.969149649861298,3.99045174723164,0.479397844959018,-0.894058868270896
6.62107448950712,1.29243049115938,-0.266473879388784,-1.57196181975894,-1.00191878184087
2.65017300546314,0.295782342101186,-1.01592204996019,0.751610119873297,-3.23446658713014
5.28161888732035,3.80154918843901,-4.42062567644823,2.9562811393424,2.74441476802532
4.6895581091966,-0.00736746529916235,2.72131468451216,-1.71632804370739,-1.30944792660247
3.89668577413117,0.990393667970262,0.178129512364673,-1.10702737024377,-1.55736272364787
6.59213972742572,2.83067050211765,-4.03560421082208,1.62932893288702,3.67837187790406
8.9497552531891,1.76447638662247,-2.51203937905511,0.645988778700382,4.03978423189583
3.54346427506929,-0.183800226205372,0.104243092335508,1.48334429523203,-3.2106682700136
8.9952419706501,3.11519198093972,-4.65636463052029,-2.58245552891516,4.90889930375449
5.96256955924157,0.881325219940122,2.85583315369474,-1.48314396245397,-0.770799530304706
4.57694105103922,2.41729610225503,-1.44089915278501,-0.35412014501126,2.32842847213347
2.19641155753973,-0.57235289500134,-0.384945416499039,0.669084293958432,-3.29465782465195
6.7902919085728,-0.0936830013466178,3.13164216966127,-1.78998905918976,-1.68538606491972
6.86210512989376,-0.19123873105598,3.99630744881566,-1.26124210401519,-2.59038409795252
5.8553291191159,2.06096418464051,-0.0275117799344224,0.242904298609656,1.45680893881288
4.46170160892611,2.37991416068208,-2.55762410365727,1.52625770846002,2.94357347244728
4.46385069157869,-0.925072591460353,-2.36620018508284,-0.710042903464798,-2.44071630606427
6.37915425887613,-0.244366605176963,3.73465994402864,-1.24339941564358,-1.60050265450858
4.74039209211233,0.0734179764913418,2.59433707323725,-1.78321674183411,-0.649826607065194
7.05120590844722,3.17551869568462,-3.17949382674032,2.30396825451156,3.34956582049764
8.08515585210634,2.6646708701432,-4.02816929866516,1.89717508932152,3.4867457306566
7.04306133968678,1.67567024832086,-2.34913468054022,-1.04666468968508,4.86106061423558
7.55644950169588,-0.888810101936368,3.5112955028106,-2.01997427239732,-2.87188942256096
4.68827438441963,2.84373488427472,-3.67368941738932,0.85196016076125,3.65153838245321
6.7807144595739,0.572657788558113,-0.988220639766252,-2.03691709505719,-0.667622025864574
4.30776999257613,-1.00336502680304,-0.154145500518683,1.63702893224649,-2.0478389730655
6.24192553124836,-0.0959976207240397,2.28871502842886,-1.4649512792417,-0.995076474197999
7.10246452585968,4.30169589627041,-3.8989899339889,3.40693328962914,1.5607398102955
6.4727432862601,2.4263252434031,0.951770748827384,0.127576560843733,1.58445087023967
6.75601735065869,0.513327933744295,0.576289583033339,0.0156738163176989,0.577187438750509
1.93917616887831,-1.15368691187148,-0.0807374852340674,1.94671253142158,-2.70765649447779
3.21275535130258,0.0389647727568499,2.63808403456237,-1.57512816348794,-0.486784819717926
5.02561356997869,2.45358782662015,-3.97623995474036,1.11625402560851,3.95169440122407
4.44422299820718,0.336805627242495,2.07016858817163,-1.51523395029268,-0.491782390731759
4.05419932532228,-0.813420074908371,-2.2004772613516,-2.95429227637254,0.306095617819377
7.10513396398907,2.50183228670708,-2.90087192119355,-1.54761149744945,-1.33436178816255
9.52470252377272,-0.223973500427595,3.69040870189878,-0.967557672943123,-1.36499976976401
7.36322246029316,1.01073013835783,-2.7363938708893,-2.17450969454754,-0.14529232652995
5.41178537732661,-0.588853726343757,2.86030157995036,-2.09599391422483,-2.09711897431286
5.96848321475037,0.926174103052148,3.32691158196039,-0.328456936337373,-0.959800367747196
4.04440541201784,2.55974332154597,-2.66698468827667,1.74221067822346,3.29323040232139
5.56013565847445,0.357730333127974,3.40817770824344,-1.4926646318739,-0.90041270638365
5.98314520093145,4.93980780217285,-4.41307129843269,4.63864719382667,1.67944240879602
6.18872372340233,0.891870538940358,-2.1680493011756,-1.82413349413845,6.02636187384195
4.99490287894411,0.233253532524319,3.54987567844659,-0.88529967701988,-0.597976242765855
3.60651090048471,-0.444392525749781,-1.46671117814753,0.692164703864598,-3.31637849221771
2.11104340964337,-0.66744653433059,2.41992974644155,-2.55380761581381,-1.81565404695326
5.97166673487473,3.7349912459616,-3.51292163700606,2.64523044675696,2.79518830532029
6.84946610231507,2.87378181420751,-2.59533423621963,1.79075928578062,3.3003018251217
3.74205260700826,1.56729426889987,-2.55669711387027,0.60193565956565,3.86522065802541
3.84400178150932,-0.0931816332981847,3.18449209036726,-0.555914050973472,-0.964788065729094
4.13380182958289,0.643911470252115,-0.551270659819008,-1.82459287516123,-0.426176597283668
7.18533102013757,3.25049462189274,-3.57335358569796,1.87593298199238,3.04509150377321
5.66423128156062,-0.321162314263004,3.60939738677166,-1.99724102151242,-2.08792443263769
5.8805607932865,1.59424401113354,-2.65332919749769,0.686153672609953,3.89200173258556
6.94816141658721,1.41719395436708,-2.21541999807029,-1.86683777614053,-0.480724954088344
7.25114979848832,2.58487212789447,-2.59024225331016,-1.27830656336522,4.07363965592192
9.16825488089654,3.64686674668772,-3.71461589808907,-2.46203441864993,3.53315137710693
6.0075384219765,1.94650213589071,-0.204399995971031,-0.643153221826439,1.99106708704162
4.89207975816314,0.452334535458889,2.97061916902875,-1.14410044135705,-0.687232769896199
6.43573197609097,0.61967554149515,2.81575982487563,-0.167853021741518,-0.144418776159384
6.36380587080333,0.146031272933237,3.60041604159174,-1.68775964965222,-1.90721968905986
3.72210575367793,-0.294991603811979,2.4098876333606,-2.13950326595675,-2.09233005387459
5.15632311865008,2.83373080598497,0.402749302822737,-0.393198248043185,1.5913888699485
4.96116412832121,0.0442570773598637,4.0901348834338,-1.24174234105801,-1.797252231169
5.3956845102284,0.685463567062325,-1.93288282078887,-1.17618618998662,5.10818565561444
3.94132221174764,0.557446183102337,-1.4201448240421,-1.21292302809291,5.3240051708479
5.84831981143553,0.668659703321741,3.49038102204584,-0.390707705923954,-0.95299441151885
6.28344692204071,-0.278293653798422,-2.08902197519469,-1.58241966316028,-3.73060264533843
5.634114998454,-0.275389085751736,0.0909873963757715,-1.00803747523756,-0.537262007857307
4.16509100852679,-0.458079024261904,1.8605863240704,-2.49333475227964,-1.88817723684312
4.48016696244814,1.07829676816347,-0.35610238233901,-0.809614789271486,-1.16571993097202
5.62195635353137,-1.34839657913709,-0.308122975449722,-3.65933433422042,6.8781526130793
5.34090974902448,-0.35780656758341,0.123045926316645,-1.88085098416611,-0.702974830768696
3.52660505517212,-0.145047894987771,-1.31710004384379,0.757153783262169,-2.12820171124471
5.08245644451299,0.0786932868834285,3.21740105503899,-1.20965423724914,-0.941064821870812
4.27441812103593,0.0194222323432847,3.5867231773397,-1.42945009917693,-1.53321374060377
3.11340320529272,1.02608933333334,-1.44720599883001,-0.754684887399322,4.83937926715121
3.52908066142302,0.275407255834432,-1.37478002818876,-1.05654566277307,5.46160622632052
5.05101540227606,2.66820045090783,-2.78395308311531,1.45809578757054,3.58722080224288
2.71262599454643,-0.584374590439529,-0.724240251729952,1.27615493277064,-3.38556669542964
5.23734009924447,2.40119979982834,-3.16793970636178,1.05719000569718,3.79807584605832
3.67732804744111,0.253584226202889,-0.772377112492114,-1.71796628590106,5.89319083138742
2.98332184334664,4.28487797739367,-4.37379194719825,3.37402814289433,1.88120121227177
3.73093333751836,1.36888038921612,-1.42070475050949,-2.26679975455625,-2.08723847056885
6.99381065517493,1.54477303947883,-2.57288003810541,-1.24716013694913,-1.57710036497562
7.54259697584801,0.91671522477888,2.64954613712435,-0.834169815465376,-0.557408228595308
6.37843174797214,-0.359178964440603,4.16844930562059,-1.11714904484827,-1.94223965913355
4.39292160528384,-1.18936927693826,-2.24778386111426,0.0524180060406143,-2.51081200122308
7.58863371396987,1.47824966160967,-3.15090780540879,-0.0374027703218515,4.81053585098232
7.2891788904336,2.40602880795264,-4.2872896479239,-1.78936122238671,4.64430195723034
2.76055939035935,3.80595687935948,-3.16304709386081,2.55468072626067,3.33396942288292
3.14404998362869,0.23038309174624,-1.17031947118199,-0.768138436325109,5.30547890607411
6.11483782825129,1.24776046962685,-1.05437017612096,-1.66848974919866,-1.50802658818072
5.41577126152549,0.227769830791236,-1.66007890581562,-1.45174530432575,6.00883540581579
2.43038756842413,-0.136269673453879,-1.2064457772124,1.42837818689616,-2.21851934580172
6.14122516119757,3.05020948990454,-2.58039253602578,2.15347509268287,3.45922951486908
7.47168320481916,2.49838798865254,0.067240600395774,-0.140581138721504,2.7148352342895
5.05453019896042,-0.479146865069219,-1.81459593509551,-0.481343509344183,-3.41928922017573
5.61386659701535,2.62428647439894,-2.91541202926755,1.40225973038022,3.3768651301862
5.44788301617191,0.554942469719718,-1.88776221047214,-1.40101757669211,5.7260466782295
3.60273241988994,-0.635532102015032,-0.274173489068351,-2.67907326995732,-0.00406855888647895
4.28564909911236,-0.566570812402211,-0.528989252946156,1.10664901486291,-2.73075188603257
4.63095947621826,2.87524397899851,-2.76631282981608,1.92893373033038,3.50335276461601
7.27135248276092,0.504799148377568,-0.44428465227952,-0.667625033392663,-0.220671499850512
7.03664714997413,1.2438056068498,3.37229036140445,-0.352663143827223,-0.30908438704486
3.05940251702872,1.68167673417102,-2.18716547953529,0.705938144322273,4.42632322669094
7.25654944142805,3.06851289881783,-2.9792265747409,1.91459996798181,2.81615218219373
2.15638991113079,-0.0847248529910237,-0.15090191308752,-1.52561303019773,0.221097661293456
7.7219373593102,-0.496581516271713,-2.05129720187516,-0.809860869138186,-3.36776918135206
4.78384013864287,1.32484224036894,-1.58675652300097,0.025686184202751,4.62571868133483
6.39614447791521,0.0264857561260543,-2.470714549324,-0.26904038471665,-2.37480193120315
6.72248006414248,2.47833247851918,-0.961414663950993,-0.957263857874714,2.95860943283982
7.50091842218516,-0.367923720037621,2.79462275632154,-2.8974177338906,-2.38836571993354
7.64292664866236,0.812781401113988,-1.78182833898913,-1.91222762639683,5.50297046186957
3.6838605178948,-0.700675890216799,-1.37180090349694,0.219810998335185,-3.29599284792828
6.18879337163574,1.3996692670742,-2.74943436520867,-2.03112722748632,-1.48185529320078
6.72452857063534,0.547861677779504,3.20828799597107,-1.31342631073107,-0.957695004709443
7.58551457548778,-0.415514670356094,3.57397958434887,-2.06885539779683,-1.86843499361609
3.65214711489714,2.57465764649342,-1.80990528417807,1.57675158021462,3.58740851272424
1.06043811315878,-0.976000888959506,-1.08856695526378,1.23454540427378,-1.88008402522355
5.72874007994101,2.26189091887993,-1.18384443831934,-0.744702175161785,2.90221047417203
3.13201041180786,2.0284197687498,-0.0224608444405823,-1.85129205066075,-2.43537038179663
5.65837303954614,2.39746141679152,1.32298992876044,0.183675887686717,1.41955511330045
2.62494308449515,0.643549950464538,1.11505198975322,1.26583922898616,0.866421834741486
5.1439424849368,-0.609924965704842,1.87605876160066,-2.68134074155556,-1.93133080590848
8.69934447380158,1.1892169647284,-4.17627054736025,-2.90569085612782,-0.570656020505562
3.97298978756243,1.50478293528274,-2.34893081029735,1.13339303970357,3.9895265790587
7.90944781282842,0.856649260991221,-1.54971044557733,-1.18058498583345,-0.790363113981674
6.1251922243347,3.73275755014608,-2.74413055700659,3.55615294188489,2.48049378336587
4.49005620785046,1.72590344318136,-2.9209085136899,0.395245654683516,4.29040675044399
2.44172103170002,-1.45136961707441,-0.863248864875769,0.513467809378499,-3.20650396988174
2.9782113045497,-0.204762105554909,0.403014490398959,-2.25012940947167,-0.76465875179369
4.50893232098026,-0.239413748517411,0.505925569340469,-1.40748536038309,-1.08214477181001
2.20851806872926,-0.755936077216486,-1.38028850087971,0.454606765317876,-2.33634430991163
5.36773224978035,2.44303455000502,-3.82255882080547,-2.31787501827728,3.76844348568879
3.59089387552539,-1.92282090968575,1.6040702156698,2.0192059901927,-2.88828818759255
4.37100461644308,2.18410597814599,0.519273918006873,2.27043269051336,1.36771182763499
3.83834904584373,1.88177768364582,-2.78576595684669,0.581682102043175,4.25580923742633
5.95620045748025,1.77074952427106,-2.73948401844226,0.678201649561689,4.80962189932364
6.32253443344355,2.3806413468686,-1.62345281706071,-0.897016007541026,2.57534824991358
5.62838440397224,-0.565544449406254,-0.406700899547137,0.892501624723848,-2.58824023551611
4.63573590760103,2.3742088178719,-2.62713894489267,0.227242153628141,4.20655810683845
4.05381121049149,-1.22885267221584,2.06165803383876,1.72874768609539,-3.17889254625288
6.49215219899097,0.173456804989991,3.26926536516155,-1.28935954533074,-1.37536957430157
4.74900494158665,4.5148072929936,-3.4640725732509,3.60709061475264,1.4171818400667
5.15895071840795,-0.161757963568546,-3.30058660365589,-0.665488569231569,-2.2940205496549
3.07322658480676,1.88449626636263,-2.58282140068949,0.758502634226593,3.89846272254804
7.10579161411899,1.8909164150552,0.357264789043455,-0.477764243326688,-3.7995417033223
5.85884644741266,3.34131659054214,-3.40222855566643,1.47278671498149,3.05264862467431
4.53223410901017,0.420539198989544,1.90421596138622,-1.21754575339335,-0.900553579763331
2.57301637158996,-0.44350469035813,2.84288833678755,-0.977865895811824,-0.997937897229401
6.11557359050039,-0.289463744690046,4.3647725864839,-1.05533901931548,-3.42940261549018
2.8654148085192,2.05249984951976,-2.69278357415208,0.024264422831095,4.46062350011918
7.87119719381851,2.74448951576527,-1.80902892104085,-0.549009141382911,3.35734716170601
5.41365513878821,1.74192936085004,-3.02529188587111,-1.12351330162319,5.48599527258271
5.52774777682103,0.499644629750216,3.7434612742099,-0.106712969984015,-1.10661020171053
2.22826269280292,-0.931641924142841,1.91169154016133,2.99290274093782,-2.42517177180816
4.35597690769562,2.80310183395451,-2.9393644725044,1.32943312830314,3.13097480786883
8.00200963584682,2.8821300754819,-5.10581329801497,-3.09445651639087,4.16978372909724
3.96276378595848,-1.27959157114932,-1.66118312309975,-0.332310494303292,-2.82189972439691
5.74653597995028,4.08788752157718,-3.58244675581516,3.44473377257015,1.9871382966805
6.17859396289363,-0.393997108510575,-1.26422266531233,-2.62252972579718,0.272328518468059
2.86185043313321,-1.08860475777528,-0.803277927459307,0.992625751940714,-2.37578820382566
6.39454001065533,2.74538465412781,-4.11645612789387,1.124630445953,3.39330092447139
3.95150894567605,1.11941098789793,2.42542316339823,-0.430823132936189,0.284124838576099
5.79959462863412,2.61705428130727,-1.60184020652412,-0.641654594335475,2.85094068570214
3.59977186898948,0.155565415310551,2.04256230529917,-2.17269258374546,-1.51324879357553
4.1863421855944,-0.798883271359244,-1.25613393656481,0.654644072105582,-3.53759722035285
8.79360282027131,1.12725379363748,-2.53043081710818,-2.20788458467877,-0.41237202818278
5.06134648112575,1.42315660608571,-2.76429586435326,0.259652050393249,4.70072422551743
8.76840886352366,2.02123305698669,-2.30157960772927,-0.831974611716682,3.50929908796026
0.972957737793413,-1.87647259623258,-0.533728025570235,1.24210710162141,-2.11752754477347
3.00526237014656,-1.84831076886506,1.27993796648442,2.67970191031407,-2.26692195995545
6.02714276936855,0.170053637685061,-1.68698558358177,-2.18525141755405,-0.110608749734504
2.84761979855136,3.5792350610842,-3.53091613344912,2.33813872558587,3.58879460531504
7.14601236526869,1.17233287605789,0.350765988837857,-0.909100865871249,-1.30858488155465
0.435567423847879,-0.753769056818239,-1.12607445894878,1.22494293049155,-2.79180204428796
6.70002050224353,0.299558334993195,2.77491914925386,-1.31914295218833,-1.56336807652087
7.35464148242739,0.623676656569017,-0.617578562847686,-1.90108573391096,-0.778553641318988
5.32712848527341,2.16681758051614,-2.95610325427516,-1.13359768778487,2.8787212249519
4.33103990547304,-0.967473636390348,1.8953378660761,-2.76306946419854,-2.87736746931329
6.6029300959512,0.523688748169534,-1.50484876505667,-1.99391220275094,6.0108883644651
6.17980819804888,-0.323353308206191,4.04624789074828,-1.22224108822031,-1.8469229829663
6.42660605228782,4.6149682191713,-4.24653835455617,3.93456377528665,1.81557392861228
7.00489392590296,2.89135468511977,-3.12870941409609,-3.33308116663457,3.73892204612872
6.71511117445315,0.8742497111432,-1.38617030289114,-1.71589843465659,5.98991086719719
5.28213100559305,1.12047246654009,3.06003627523949,-0.356263945976351,-1.17948356401653
5.53919626277384,-0.703004417278572,-1.38485856771502,-0.670226689452074,-3.72716149217661
8.06342791797523,-0.316561663810464,2.1148533349986,-1.89715487865937,-1.23289036899667
4.14277751851268,0.759395407928197,-2.09190656516023,-1.66873150171368,5.94047035451991
6.4152299621895,1.99397544832164,-0.15498083460439,-0.541015643785547,2.05696309302707
6.33829633064355,0.0503197243381707,3.92177625855061,-0.925859498131867,-1.95184397210756
5.71371856567851,2.88080593744329,-3.41562836726315,3.09952737273106,2.16473112915628
4.74159523269038,-0.555150161609336,-0.591416221814542,1.38072940746901,-3.00299092319005
4.44922626406958,2.62648701657676,-2.19495790516232,2.11207178006929,3.1937354665276
6.44277297705754,0.35962296950798,-1.6522587218516,-1.83000776723726,6.03259043928871
3.76430280990083,-1.26147765162627,3.71020777180395,-2.77414133205832,-3.09080572975256
8.0520694019637,2.57505039566992,-3.43490810478587,-2.75695448865255,1.90956949119789
8.43307518882826,-0.21876982076068,3.35435734460505,-1.96576218253229,-2.05149166372621
1.51200398064288,1.41882140699586,-1.6632731095899,0.799642859519902,4.06897716836618
1.33181592675803,-1.20616015443538,0.432761234164525,1.44695089554603,-2.31896058448706
5.18862723985798,0.976890026272636,-2.13228046683786,-0.258530324474335,5.36898149459732
5.56740333047976,2.4787931302307,-1.85775513061907,-1.1662259972853,3.25068016143675
5.82833410674675,-0.103563146260921,-0.0741843966004713,-0.0471081080560731,1.40698147610775
6.52477056401328,3.96857067119851,-4.65076498594168,2.33179767933388,2.64187749491225
3.73710856210143,2.24234232619674,-0.45396360872039,-0.230492323292214,2.59170394827348
8.99734537706184,2.39109871353565,-3.11374051907522,-1.44795343183334,3.65646728266067
4.45518891065819,-0.379821133094973,-2.37136401635211,1.28180555915719,-1.60694556349727
7.74514097871074,1.89191640171182,0.519747581305068,-0.457808931399548,-2.47942945389362
5.28404816965641,2.25432669084409,-1.49082748144867,-0.961129337518362,2.75050534374307
4.98676303476401,0.605526446845529,2.19537280084821,-1.25818470532653,-0.447140173897787
7.99764814386529,2.36108423045067,-5.21827758674095,-1.87658102839915,4.51034423348799
5.8827510518575,-0.508892632133845,-2.28142896677461,-2.40558018368963,6.27043314532496
5.20936681713413,1.47636052032552,-2.15138019982133,-1.62659027213268,-0.940222925974525
5.91093059919691,1.90638818060525,1.22226437324791,1.25699726734104,1.54428320627433
7.46243332467263,0.891730599242003,-1.50231815872977,-0.693194669338543,4.66763077795462
4.25306773145363,-0.0436596487607291,1.82229218344442,-2.16150443874964,-1.39307340693358
7.41745727488041,3.33991417004201,-2.21283700920961,-2.82930988178784,-1.17836041404678
4.88525565781932,-0.379567058396466,2.08642227838408,-2.08551637952932,-0.654137696998302
4.19604137793932,2.94834949644496,-3.97435489521892,1.06321368573635,3.38643562802572
